product_id,product_category
PRT01,Plastic Toys
PRT02,Home Decor
PRT03,Electronics Gadgets
PRT04,Home Appliances
PRT05,Furnitures
PRT06,Spices
PRT07,Sauces
PRT08,Beverages and Snacks
PRT09,Kitchen Tools
PRT10,Fresh Vegetables
